IRI/URL	usable resource	Acronym	Name	Description
N/A, DOI: 10.1007/s00799-016-0169-3	http://isdb.cs.aueb.gr/scholarlyontology/ScholarlyOntology	SO	Scholarly Ontology	An ontology for modeling scholarly practices, based on notions from business process modelling and Cultural-Historical Activity Theory.
http://lod.nik.uni-obuda.hu/oloud-base.owl#	http://lod.nik.uni-obuda.hu/oloud-base.owl#	OLOUD-BASE	Ontology for Linked Open University Data	The objectives of the OLOUD ontology is to support the development and publishing of Linked Open University Datasets and the applications built on the top of these Open Datasets. OLOUD contains classes and properties to describe Organizations, People, their Roles and Publications, Subjects, Courses and other Events and their temporal and spatial description. The ontology is divided into two connected modules: 1. OLOUD-BASE is the main module describing all the university related concepts and uses the prefix oloud, 2. OLOUD-LOC module provides the indoor location and navigation features and uses the prefix loc.
http://lod.nik.uni-obuda.hu/oloud-indoor.owl#	http://lod.nik.uni-obuda.hu/oloud-indoor.owl#	OLOUD-LOC	Ontology for Linked Open University Data	This ontology provides indoor location and navigation features. An extension of OLOUD-BASE
http://vivoweb.org/ontology/core	https://duraspace.org/wp-content/uploads/2020/02/vivo.owl	VIVO	VIVO-ISF Ontology	An ontology of academic and research domain, developed in the framework of the VIVO project
http://swrc.ontoware.org/ontology#	https://www.researchgate.net/publication/220773756_The_SWRC_Ontology_-_Semantic_Web_for_Research_Communities	SWRC	Semantic Web for Research Communities	An ontology for modeling entities of research communities such as persons, organisations, publications (bibliographic metadata) and their relationship
N/A, DOI: 10.14569/IJACSA.2016.070717	https://www.researchgate.net/publication/305818745_Ontology_for_Academic_Program_Accreditation	ABET	Ontology for Academic Program Accreditation	Ontology of Accreditation Board of Engineering and Technology(ABET) Process
http://xworks.gr/ontologies/ccso.owl	http://xworks.gr/ontologies/ccso.owl	CCSO	Curriculum, Course, and Syllabus Ontology	This Ontology aims to provide data model for describing the subjects of Curriculum, Course and Syllabus in Higher education.
N/A, DOI: 10.1109/INCoS.2011.94	https://www.semanticscholar.org/paper/FOAF-Academic-Ontology%3A-A-Vocabulary-for-the-Kalemi-Martiri/bbe40c40ee1fd2deb5a879d99ed31ff00037eae5	FOAF-Academic	FOAF-Academic Ontology	A Vocabulary for the Academic Community.
https://vocab.org/aiiso/	https://vocab.org/aiiso/schema-20080925.rdf	AIISO	Academic Institution Internal Structure Ontology	The Academic Institution Internal Structure Ontology (AIISO) provides classes and properties to describe the internal organizational structure of an academic institution.
http://purl.org/ontology/edu/eso/eso.ttl	https://github.com/tetherless-world/education-standards-ontology/blob/master/ont/eso.ttl	ESO	Education Standards Ontology	Education Standards Ontology
http://purl.org/ontology/edu/eao/eao.ttl	https://github.com/tetherless-world/education-standards-ontology/blob/master/ont/eao.ttl	EAO	Education Application Ontology	Education Application Ontology
http://purl.org/cerif/frapo/	https://sparontologies.github.io/frapo/current/frapo.html	FRAPO	Funding, Research Administration and Projects Ontology	The Funding, Research Administration and Projects Ontology, is a CERIF-compliant ontology written in OWL 2 DL for describing research project administrative information.
N/A, DOI: 10.1145/3175536.3175555	https://www.researchgate.net/publication/319449170_Ontology_for_the_personal_learning_environments_in_the_development_of_thesis_projects	PLET4Thesis	PLET4Thesis	Designed in order to organise the process of thesis development using the elements required to create a PLE (personal leaning environment).  Designed to guide thesis students in the construction of their PLE.
http://orkg.org/core	https://gitlab.com/TIBHannover/orkg/orkg-ontology/-/blob/master/orkg-core.ttl	ORKG	Open Research Knowledge Graph	Used for Comparing Research Contributions in a Scholarly Knowledge Graph
N/A, DOI: 10.1007/978-3-030-17795-9_60	-	RPO	Researcher Profile Ontology	Designed specifically to represent academic contexts at a public university.
http://ontology.ethereal.cz/irao	https://w3id.org/def/InformaticsResearchArtifactsOntology	IRAO	Informatics Research Artifacts Ontology	Used to describe research artifacts in research, including authorship, evolution, etc.
http://eventography.org/sede/0.1/	https://www.researchgate.net/publication/200704228_SEDE_An_ontology_for_scholarly_event_description	SEDE	Scholarly Event Description Ontology	An ontology for scholarly event description.
http://www.cs.toronto.edu/~yuana/utcs_yuana.daml#	http://www.cs.toronto.edu/~yuana/researchCenter/yuanaOnto.html	OAD	Ontology for Academic Department	This ontology help people in an academic department to mark up their metadata of resources.
N/A, DOI: 10.1145/2491845.2491884	https://kopernio.com/viewer?doi=10.1145%2F2491845.2491884&token=WzI0MDgxNDIsIjEwLjExNDUvMjQ5MTg0NS4yNDkxODg0Il0.4_tDo-1HwCggGolS2XTubglnTbA	AcademIS	AcademIS	AcademIS: an ontology for representing academic activity and collaborations within HEIs
http://kmi.open.ac.uk/projects/rexplore/ontologies/BiboExtension	https://cso.kmi.open.ac.uk/downloads	CSO	The Computer Science Ontology	The Computer Science Ontology (CSO) is a large-scale ontology of research areas that was automatically generated using the Klink-2 algorithm on the Rexplore dataset, which consists of about 16 million publications, mainly in the field of Computer Science.
http://purl.org/ontology/bibo/	https://www.dublincore.org/specifications/bibo/bibo/bibo.rdf.xml	BIBO	Bibontology	The Bibliographic Ontology Specification provides main concepts and properties for describing citations and bibliographic references (i.e. quotes, books, articles, etc) on the Semantic Web.
http://purl.org/SemSur/	https://saidfathalla.github.io/SemSur/doc/	SemSur	SemSur	A Core Ontology for the Semantic Representation of Research Findings for describing individual research problems, approaches, implementations and evaluations in a structured, comparable way
https://w3id.org/ro/	https://raw.github.com/wf4ever/ro/0.1/ro.owl	RO	Research Object Ontology	Provides basic structure for the description of aggregated resources and the annotations that are made on those resources.
http://eurocris.org/ontology/cerif#	https://www.eurocris.org/ontologies/cerif/	CERIF	The Common European Research Information Format Ontology	The Common European Research Information Format (CERIF) Ontology Specification provides basic concepts and properties for describing research information as semantic data. This document contains a friendly description of the Common European Research Information Format (CERIF) Ontology developed by EuroCRIS.
				
http://purl.org/spar/fabio	https://github.com/SPAROntologies/fabio	FaBiO	FRBR-aligned Bibliographic Ontology	FaBiO is an ontology for describing entities that are published or potentially publishable (such as journal articles, conference papers, books), and that contain or are referred to by bibliographic references. It also includes blogs, web pages, data sets, computer algorithms, experimental protocols, formal specifications and vocabularies, legal records, governmental papers, technical and commercial reports, and similar publications, and also anthologies, catalogs, and similar collections. FaBiO has been developed so to limit any restriction to its classes also because of the domains and ranges of its properties. FaBiO has flexibility and it has a good advantage of allowing FaBiO to be used alongside other models.
http://purl.org/spar/cito	https://github.com/SPAROntologies/cito	CiTO	Citation Typing Ontology	CiTO is an ontology that permits characterization of the character or sort of citations, both factually and rhetorically. Properties (and, consequently, their inverses) could also be classified as rhetorical and/or factual, with the rhetorical properties being grouped in three sets counting on their connotation: positive, informative (neutral) or negative. For the domain and range constraints from the thing, properties aren't defined, in order that this ontology might be easily integrated with other models, such as FaBiO. Two other ontologies are defined for explicitly describing specific aspects of CiTO. The primary one is named Functions of Citations Ontology (FOCO) and therefore the other called CiTO to Wordnet Ontology (C2W).
http://purl.org/spar/biro	https://github.com/SPAROntologies/biro	BiRO	Bibliographic Reference Ontology	BiRO is an ontology meant to define bibliographic records, bibliographic references, and their compilation into bibliographic collections and bibliographic lists, respectively. It uses an OWL-based definition of the FRBR model to define bibliographic references and their compilation into ordered bibliographic lists, by means of the Collections Ontology.
http://purl.org/spar/c4o	https://github.com/SPAROntologies/c4oo	C4O	Citation Counting and Context Characterisation Ontology	C4O is an ontology that allows the amount of in-text citations of a cited source to be recorded, alongside their textual citation contexts, alongside the number of citations a cited entity has received globally on a specific date. it's also useful to explain how these references are utilized in the citing paper. C4O also provides the ontological structures which permit one to record the amount of in-text citations like, the amount of in-text reference tips that could one reference within the reference list of the citing article.
http://purl.org/spar/doco	https://github.com/SPAROntologies/doco	DoCO	Document Components Ontology	DoCO is an ontology that gives a structured vocabulary written of document components, both structural (such as, block, inline, paragraph, section, chapter) and rhetorical (such as, introduction, discussion, acknowledgments, reference list, figure, appendix). It imports the Pattern Ontology that describes structural patterns, and therefore the Discourse Element Ontology (DEO), which was developed with DoCO and describes rhetorical components. It also defines hybrid classes describing elements that are both structural and rhetorical in nature, like paragraph, section, or list. DoCO is additionally aligned with the SALT Rhetorical Ontology and therefore the Ontology of Rhetorical Blocks (ORB).
http://purl.org/spar/pso	https://github.com/SPAROntologies/pso	PSO	Publishing Status Ontology	PSO is an ontology designed to characterize the publication status of documents at each stage of the publishing process (such as draft, submitted, under review, etc.). Documents can hold a specific status at a specific time as an immediate consequence of a particular event. Pre Existing ontologies describing the status of documents (such as, BIBO, the Project Documents Ontology, and therefore the Document Status Ontology), relay for this on specific property links but this approach prevents a correct description of scenarios that need a temporal duration for every status. it's been developed so as to deal with these issues in a more satisfactory manner. With PRO, PSO was developed following the TVC pattern, such as, a model for describing scenarios during which something has value during a specific time and for a specific context. 
http://purl.org/spar/pro	https://github.com/SPAROntologies/pro	PRO	Publishing Roles Ontology	PRO is an ontology for the characterization of the roles of agents â€“ people, corporate bodies, and computational agents within the publication process. These agents are often, authors, editors, reviewers, publishers, or librarians. Define publishing roles is crucial for providing an entire description of a scholarly resource like a paper or a dataset. Using TVC pattern, a model for describing scenarios during which something has value during a specific time and for a specific context because the basis, they need to implement PRO, the Publishing Roles Ontology.
http://purl.org/spar/pwo	https://github.com/SPAROntologies/pwo	PWO	Publishing Workflow Ontology	PWO, a simple ontology for describing the steps of the workflow related to the publication of a document or other publication entity. PWO supported two main classes called Workflow and Step.
http://purl.org/spar/scoro/	https://github.com/SPAROntologies/scoro	SCoRO	Scholarly Contributions and Roles Ontology	SCoRO is the Scholarly Contributions and Roles Ontology (CERIF-compliant ontology), used by authors, publishers, and research administrators, for describing the contributions and roles of students, and therefore the organizations of which they're members, with reference to projects, research investigations, and other academic activities, and to the scholarly journal articles and other outputs that result from them.
http://purl.org/cerif/frapo/	https://github.com/SPAROntologies/frapo	FRAPO	Funding, Research Administration and Projects Ontology	FRAPO is that the Funding, Research Administration and Projects Ontology, which may be a CERIF-compliant ontology for describing administrative information concerning grant funding and research projects. It is often used for the characterization of grant applications, funding bodies, research projects, project partners, etc., in other words, the type of data stored in Current Research Information Systems (CRIS). It also can be wont to describe other sorts of projects, for instance, building projects and academic projects. It also imports FOAF for characterizing people.
http://purl.org/spar/datacite	https://sparontologies.github.io/datacite/current/datacite.html	DO	DataCite Ontology	The main intent of the DataCite Ontology is to supply a versatile mechanism to define the identifier for bibliographic resources (papers and datasets) and related entities. it's also possible to supply a link between a resource, like a dataset, and therefore the document describing its metadata by means of CiTO, using the property citesAsMetadataDocument, and FaBiO, by means of the category MetadataDocument. additionally, to those entities, the DataCite Ontology provides appropriate classes and properties to specify the actual scheme followed for creating the resource metadata exemplified within the metadata document.
http://purl.org/spar/bido	https://sparontologies.github.io/bido/current/bido.html	BiDO	Bibliometric Data Ontology	BiDO developed a well-known model for enabling the classification of authors and journals consistent with bibliometric data is crucial to permit one to question, share and reuse such data during a different context, for example, for providing smart visualization of bibliometric data for sense-making activities and for enabling automatic reasoning on them. The core module of the ontology allows us to explain any entity and therefore the related bibliometric data at a particular time and consistent with a particular agent. BiDO consists of three different modules and people are Standard bibliometric measures, Research career categories, and Review measures.
http://purl.org/spar/fivestars	https://sparontologies.github.io/fivestars/current/fivestars.html	FiveStars	Five Stars of Online Research Articles Ontology	Peer review, open access, enriched content, available datasets, and machine-readable metadata are the core components of the Five Stars of Online Journal Articles, a constellation of the five independent criteria within a multi-dimensional publishing universe against which online journal articles are often evaluated, to ascertain how well they match up with current visions for enhanced research communications. These Five Stars of Online Journal Articles provide a conceptual framework by which to gauge the degree to which any article achieves or falls in need of the perfect, which should be useful to authors, editors, and publishers.
http://purl.org/spar/fr	http://fairreviews.linkeddata.es/def/core/index.html 	FR	FAIR* Reviews Ontology	FAIR* is a review Ontology (FR) that defines a group of classes, properties, and axioms, for describing research reviews as semantic objects, reusing standard existing vocabularies using ontology engineering techniques.
http://purl.org/spar/bido-standard-bibliometric-measures	https://github.com/SPAROntologies/bido-standard-bibliometric-measures	BSBM	Extension of the BiDO Ontology to Represent Scientific Production	BSBM is an extension of the BiDO Ontology, particularly to BiDO Standard Bibliometric Measures.
https://opencitations.net/	http://opencitations.net/	OCO	OpenCitations	The OpenCitations Data Model (OCDM) is the metadata model used for the info stored altogether the OpenCitation datasets. OCDM also allows one to record information about: published bibliographic resources, possible resource embodiments, bibliographic references, responsible agents, roles, citations, external identifiers.